userName,lastModifiedDateTime,password|token,pushScale,deviceId,role,organisationUUID
state-1-u502@org10,1900-01-01T00:00:00.000Z,,1.0,device-10-502,supervisor,org-10
state-1-u503@org10,1900-01-01T00:00:00.000Z,,1.0,device-10-503,supervisor,org-10
state-1-u504@org10,1900-01-01T00:00:00.000Z,,1.0,device-10-504,supervisor,org-10
state-1-u505@org10,1900-01-01T00:00:00.000Z,,1.0,device-10-505,supervisor,org-10
state-1-u506@org10,1900-01-01T00:00:00.000Z,,1.0,device-10-506,supervisor,org-10
state-1-u507@org10,1900-01-01T00:00:00.000Z,,1.0,device-10-507,supervisor,org-10
state-1-u508@org10,1900-01-01T00:00:00.000Z,,1.0,device-10-508,supervisor,org-10
state-1-u509@org10,1900-01-01T00:00:00.000Z,,1.0,device-10-509,supervisor,org-10
state-1-u510@org10,1900-01-01T00:00:00.000Z,,1.0,device-10-510,supervisor,org-10
state-1-u511@org10,1900-01-01T00:00:00.000Z,,1.0,device-10-511,supervisor,org-10
state-1-u512@org10,1900-01-01T00:00:00.000Z,,1.0,device-10-512,supervisor,org-10
state-1-u513@org10,1900-01-01T00:00:00.000Z,,1.0,device-10-513,supervisor,org-10
state-1-u514@org10,1900-01-01T00:00:00.000Z,,1.0,device-10-514,supervisor,org-10
state-1-u515@org10,1900-01-01T00:00:00.000Z,,1.0,device-10-515,supervisor,org-10
state-1-u516@org10,1900-01-01T00:00:00.000Z,,1.0,device-10-516,supervisor,org-10
state-1-u517@org10,1900-01-01T00:00:00.000Z,,1.0,device-10-517,supervisor,org-10
state-1-u518@org10,1900-01-01T00:00:00.000Z,,1.0,device-10-518,supervisor,org-10
state-1-u519@org10,1900-01-01T00:00:00.000Z,,1.0,device-10-519,supervisor,org-10
state-1-u520@org10,1900-01-01T00:00:00.000Z,,1.0,device-10-520,supervisor,org-10
state-1-u521@org10,1900-01-01T00:00:00.000Z,,1.0,device-10-521,supervisor,org-10
state-1-u522@org10,1900-01-01T00:00:00.000Z,,1.0,device-10-522,supervisor,org-10
state-1-u523@org10,1900-01-01T00:00:00.000Z,,1.0,device-10-523,supervisor,org-10
state-1-u524@org10,1900-01-01T00:00:00.000Z,,1.0,device-10-524,supervisor,org-10
state-1-u525@org10,1900-01-01T00:00:00.000Z,,1.0,device-10-525,supervisor,org-10
state-1-u526@org10,1900-01-01T00:00:00.000Z,,1.0,device-10-526,supervisor,org-10
